<?xml version="1.0" encoding="UTF-8"?>
<!DOCTYPE suite SYSTEM "http://testng.org/testng-1.0.dtd">
<suite name="Suite" parallel="none">
       <listeners>
              <listener class-name="utility.Listener"></listener>
       </listeners>  
  	<test name="Random Test">
		<classes>
       		<!-- 	-->
       			<class name="automationFramework.Framework_001" />
       			<class name="automationFramework.Framework_002" />
       			
				  
		</classes>
  	</test> <!-- Test -->
</suite> <!-- Suite -->
